{"Func_0": {"best-case": 4.6399999999999997e-07, "worst-case": 4.6399999999999997e-07, "default": 4.6399999999999997e-07}, "Func_1": {"best-case": 4.6399999999999997e-07, "worst-case": 4.6399999999999997e-07, "default": 4.6399999999999997e-07}, "Func_2": {"best-case": 4.6399999999999997e-07, "worst-case": 4.6399999999999997e-07, "default": 4.6399999999999997e-07}, "Func_3": {"best-case": 4.6399999999999997e-07, "worst-case": 4.6399999999999997e-07, "default": 4.6399999999999997e-07}}