{"ChatBot_Header": {"best-case": 30.5, "worst-case": 21.0, "default": 23.5}, "ChatBot_Header-ChatBot_Split": {"best-case": 2317.0, "worst-case": 610.0, "default": 2263.5}, "ChatBot_Split": {"best-case": 28555.5, "worst-case": 25972.0, "default": 27404.0}, "ChatBot_Split-ChatBot_TrainIntent": {"best-case": -79.44375000000001, "worst-case": -97.26599999999999, "default": -96.5685}, "ChatBot_TrainIntent": {"best-case": 3938.375, "worst-case": 3846.784090909091, "default": 3875.7954545454545}}