{"ImageProcessing_GetInput": {"default": 8.625000000000001e-07}, "ImageProcessing_Flip": {"default": 8.262500000000003e-06}, "ImageProcessing_Rotate": {"default": 6.875000000000001e-06}, "ImageProcessing_Filter": {"default": 1.2425e-05}, "ImageProcessing_Greyscale": {"default": 4.562500000000001e-06}, "ImageProcessing_Resize": {"default": 6.4125e-06}}