{"ImageProcessing_Flip": 207.8313513085483, "ImageProcessing_Rotate": 256.8115212219881, "ImageProcessing_Filter": 266.7600922015618, "ImageProcessing_Greyscale": 271.7758417110873, "ImageProcessing_Resize": 282.76385261861645}