,cost,Memory(GB),NI,es,ls,ef,lf,slackTime,duration,function
0,4.6399999999999997e-07,0.256,20.0,0.0,0.0,15.0,15.0,0,15.0,ImageProcessing_GetInput
1,3.4000000000000005e-06,2,20.0,1014.0,1014.0,1597.4499999999998,1597.4499999999998,0,583.4499999999998,ImagProcessing_Flip
2,3.4000000000000005e-06,2,20.0,2596.45,2596.45,3144.5,3144.5,0,548.05,ImageProcessing_Rotate
3,2.9e-06,2,20.0,4143.5,4143.5,4626.55,4626.55,0,483.04999999999995,ImageProcessing_Filter
4,2.9e-06,2,20.0,5625.55,5625.55,6065.55,6065.55,0,440.0,ImageProcessing_Greyscale
5,2.4000000000000003e-06,2,20.0,7064.55,7064.55,7435.75,7435.75,0,371.19999999999993,ImageProcessing_Resize
6,-,-,20.0,15.0,15.0,1014.0,1014.0,0,999.0,ImageProcessing_GetInput-ImagProcessing_Flip
7,-,-,20.0,1597.4499999999998,1597.4499999999998,2596.45,2596.45,0,999.0,ImagProcessing_Flip-ImageProcessing_Rotate
8,-,-,20.0,3144.5,3144.5,4143.5,4143.5,0,999.0,ImageProcessing_Rotate-ImageProcessing_Filter
9,-,-,20.0,4626.55,4626.55,5625.55,5625.55,0,999.0,ImageProcessing_Filter-ImageProcessing_Greyscale
10,-,-,20.0,6065.55,6065.55,7064.55,7064.55,0,999.0,ImageProcessing_Greyscale-ImageProcessing_Resize
