,cost,Memory(GB),NI,duration,function
0,4.6399999999999997e-07,0.256,20.0,11.985,ImageProcessing_GetInput
1,2.4000000000000003e-06,2.0,20.0,343.445,ImagProcessing_Flip
2,2.4000000000000003e-06,2.0,20.0,334.055,ImageProcessing_Rotate
3,2.4000000000000003e-06,2.0,20.0,389.195,ImageProcessing_Filter
4,2.4000000000000003e-06,2.0,20.0,326.765,ImageProcessing_Greyscale
5,2.4000000000000003e-06,2.0,20.0,312.875,ImageProcessing_Resize
