{"NI": 25005200, "GB-Sec": 894.8128000000247, "GHz-Sec": 1196.159999999987, "Bytes": 2147483648}