{"NI": 25007854, "GB-Sec": 2542130.203000795, "GHz-Sec": 2019226.7200025192, "Bytes": 2147483648}