{"NI": 25007854, "GB-Sec": 2601421.078000792, "GHz-Sec": 2093358.1200025205, "Bytes": 2147483648}