,cost,Memory(GB),PubsubMessageSize(Bytes),es,ls,ef,lf,slackTime,duration,function
0,4.6399999999999997e-07,0.256,-,0.0,0.0,14.0,14.0,0,14.0,ImageProcessing_GetInput
1,2.4000000000000003e-06,2,-,1013.0,1013.0,1338.0,1338.0,0,325.0,ImagProcessing_Flip
2,2.4000000000000003e-06,2,-,2337.0,2337.0,2664.0,2664.0,0,327.0,ImageProcessing_Rotate
3,2.9e-06,2,-,3663.0,3663.0,4077.0,4077.0,0,414.0,ImageProcessing_Filter
4,2.4000000000000003e-06,2,-,5076.0,5076.0,5400.0,5400.0,0,324.0,ImageProcessing_Greyscale
5,2.4000000000000003e-06,2,-,6396.0,6396.0,6717.0,6717.0,0,321.0,ImageProcessing_Resize
6,3.725290298461914e-08,-,215.96901746609555,14.0,14.0,1013.0,1013.0,0,999.0,ImageProcessing_GetInput-ImagProcessing_Flip
7,3.725290298461914e-08,-,264.9648795307472,1338.0,1338.0,2337.0,2337.0,0,999.0,ImagProcessing_Flip-ImageProcessing_Rotate
8,3.725290298461914e-08,-,274.9127848434312,2664.0,2664.0,3663.0,3663.0,0,999.0,ImageProcessing_Rotate-ImageProcessing_Filter
9,3.725290298461914e-08,-,279.88645772676944,4077.0,4077.0,5076.0,5076.0,0,999.0,ImageProcessing_Filter-ImageProcessing_Greyscale
10,3.725290298461914e-08,-,290.8984842448666,5400.0,5400.0,6396.0,6396.0,0,996.0,ImageProcessing_Greyscale-ImageProcessing_Resize
