,cost,Memory(GB),PubsubMessageSize(Bytes),NI,duration,function
0,4.6399999999999997e-07,0.256,-,20.0,11.985,ImageProcessing_GetInput
1,2.4000000000000003e-06,2,-,20.0,343.445,ImagProcessing_Flip
2,2.4000000000000003e-06,2,-,20.0,334.055,ImageProcessing_Rotate
3,2.4000000000000003e-06,2,-,20.0,389.195,ImageProcessing_Filter
4,2.4000000000000003e-06,2,-,20.0,326.765,ImageProcessing_Greyscale
5,2.4000000000000003e-06,2,-,20.0,312.875,ImageProcessing_Resize
6,3.725290298461914e-08,-,216.11412918719523,20.0,99.785,ImageProcessing_GetInput-ImagProcessing_Flip
7,3.725290298461914e-08,-,265.1035156144609,20.0,153.59,ImagProcessing_Flip-ImageProcessing_Rotate
8,3.725290298461914e-08,-,275.1249794944936,20.0,169.075,ImageProcessing_Rotate-ImageProcessing_Filter
9,3.725290298461914e-08,-,280.11094111578535,20.0,244.53,ImageProcessing_Filter-ImageProcessing_Greyscale
10,3.725290298461914e-08,-,291.13274397282646,20.0,213.365,ImageProcessing_Greyscale-ImageProcessing_Resize
