{"NI": 25002400, "GB-Sec": 401217.3455999878, "GHz-Sec": 1929.0800000000443, "Bytes": 2147483648}