,cost,Memory(GB),PubsubMessageSize(Bytes),es,ls,ef,lf,slackTime,duration,function
0,4.6399999999999997e-07,0.256,-,0.0,0.0,13.5,13.5,0,13.5,ImageProcessing_GetInput
1,2.4000000000000003e-06,2,-,1006.5,1006.5,1323.5,1323.5,0,317.0,ImagProcessing_Flip
2,2.4000000000000003e-06,2,-,2322.5,2322.5,2644.5,2644.5,0,322.0,ImageProcessing_Rotate
3,2.4000000000000003e-06,2,-,3643.5,3643.5,4041.0,4041.0,0,397.5,ImageProcessing_Filter
4,2.4000000000000003e-06,2,-,5040.0,5040.0,5359.0,5359.0,0,319.0,ImageProcessing_Greyscale
5,2.4000000000000003e-06,2,-,5438.0,5438.0,5750.0,5750.0,0,312.0,ImageProcessing_Resize
6,3.725290298461914e-08,-,215.96901746609555,13.5,13.5,1006.5,1006.5,0,993.0,ImageProcessing_GetInput-ImagProcessing_Flip
7,3.725290298461914e-08,-,264.9648795307472,1323.5,1323.5,2322.5,2322.5,0,999.0,ImagProcessing_Flip-ImageProcessing_Rotate
8,3.725290298461914e-08,-,274.9127848434312,2644.5,2644.5,3643.5,3643.5,0,999.0,ImageProcessing_Rotate-ImageProcessing_Filter
9,3.725290298461914e-08,-,279.88645772676944,4041.0,4041.0,5040.0,5040.0,0,999.0,ImageProcessing_Filter-ImageProcessing_Greyscale
10,3.725290298461914e-08,-,290.8984842448666,5359.0,5359.0,5438.0,5438.0,0,79.0,ImageProcessing_Greyscale-ImageProcessing_Resize
