{"NI": 25003612, "GB-Sec": 403052.54559998773, "GHz-Sec": 4131.320000000078, "Bytes": 2147483648}