,cost,Memory(GB),PubsubMessageSize(Bytes),es,ls,ef,lf,slackTime,duration,function
0,4.6399999999999997e-07,0.256,-,0.0,0.0,13.0,13.0,0,13.0,ImageProcessing_GetInput
1,2.4000000000000003e-06,2,-,13.0,13.0,327.0,327.0,0,314.0,ImagProcessing_Flip
2,2.4000000000000003e-06,2,-,1325.0,1325.0,1642.0,1642.0,0,317.0,ImageProcessing_Rotate
3,2.4000000000000003e-06,2,-,2641.0,2641.0,3029.0,3029.0,0,388.0,ImageProcessing_Filter
4,2.4000000000000003e-06,2,-,4027.0,4027.0,4340.0,4340.0,0,313.0,ImageProcessing_Greyscale
5,2.4000000000000003e-06,2,-,4340.0,4340.0,4647.0,4647.0,0,307.0,ImageProcessing_Resize
6,3.725290298461914e-08,-,215.96901746609555,13.0,13.0,13.0,13.0,0,0.0,ImageProcessing_GetInput-ImagProcessing_Flip
7,3.725290298461914e-08,-,264.9648795307472,327.0,327.0,1325.0,1325.0,0,998.0,ImagProcessing_Flip-ImageProcessing_Rotate
8,3.725290298461914e-08,-,274.9127848434312,1642.0,1642.0,2641.0,2641.0,0,999.0,ImageProcessing_Rotate-ImageProcessing_Filter
9,3.725290298461914e-08,-,279.88645772676944,3029.0,3029.0,4027.0,4027.0,0,998.0,ImageProcessing_Filter-ImageProcessing_Greyscale
10,3.725290298461914e-08,-,290.8984842448666,4340.0,4340.0,4340.0,4340.0,0,0.0,ImageProcessing_Greyscale-ImageProcessing_Resize
