{"NI": 25007854, "GB-Sec": 3085726.6905008093, "GHz-Sec": 2805245.620002533, "Bytes": 2147483648, "DSread": 238857, "DSwrite": 154397, "DSdelete": 92192}