{"NI": 25007854, "GB-Sec": 2892975.4030008046, "GHz-Sec": 2516855.1200025217, "Bytes": 2147483648, "DSread": 50099, "DSwrite": 20099, "DSdelete": 20000}