{"NI": 25006484, "GB-Sec": 413359.83840000024, "GHz-Sec": 17614.55999999981, "Bytes": 2147483648}