{"NI": 25007854, "GB-Sec": 2786053.5780008007, "GHz-Sec": 2353913.000002519, "Bytes": 2147483648}