{"NI": 25007302, "GB-Sec": 2518915.0096007953, "GHz-Sec": 1987191.480002519, "Bytes": 2147483648}