{"NI": 25007854, "GB-Sec": 2533221.9780007955, "GHz-Sec": 2007166.680002519, "Bytes": 2147483648}