{"NI": 25007854, "GB-Sec": 2788915.2530008005, "GHz-Sec": 2358062.640002519, "Bytes": 2147483648}