{"NI": 25007854, "GB-Sec": 2787341.2530008005, "GHz-Sec": 2355776.5600025197, "Bytes": 2147483648}