{"NI": 25007854, "GB-Sec": 2540436.178000795, "GHz-Sec": 2017108.6800025192, "Bytes": 2147483648}