{"NI": 25007854, "GB-Sec": 2779779.1530008004, "GHz-Sec": 2345157.0400025193, "Bytes": 2147483648}