{"NI": 25007302, "GB-Sec": 2514864.4960007947, "GHz-Sec": 1981542.2400025188, "Bytes": 2147483648}