{"NI": 25007849, "GB-Sec": 2531587.2530007954, "GHz-Sec": 2004898.400002519, "Bytes": 2147483648}