{"NI": 25007854, "GB-Sec": 2536688.8780007954, "GHz-Sec": 2011954.600002519, "Bytes": 2147483648}