{"NI": 25007854, "GB-Sec": 2785968.7280008006, "GHz-Sec": 2353778.920002519, "Bytes": 2147483648}