{"NI": 25007306, "GB-Sec": 2524330.3280007956, "GHz-Sec": 1994741.8800025189, "Bytes": 2147483648}