{"mode": "cost", "locality": 0, "n_hosts": 1, "n_funcs": 4, "list_mem_capacity": [500000], "list_cpu_capacity": [1000], "list_func_costs_1": [2e+17, 2e+17, 2e+17, 4e+17], "list_func_costs_2": [2.5999999999999995e-05, 2.5999999999999995e-05, 2.5999999999999995e-05, 5.199999999999999e-05], "matrix_cpu_coeff": [[0.8999999999999999], [0.8999999999999999], [0.8999999999999999], [1.7999999999999998]], "matrix_mem_coeff": [[224.99999999999997], [224.99999999999997], [224.99999999999997], [224.99999999999997]], "matrix_prev_offloadings": [[0], [0], [0], [0]]}
