{"RegressionTuning_getInput": {"best-case": 8.625000000000001e-07, "worst-case": 8.625000000000001e-07, "default": 1.7875000000000002e-06}, "RegressionTuning_createDataset": {"best-case": 2.2500000000000005e-06, "worst-case": 2.2500000000000005e-06, "default": 4.1000000000000006e-06}, "RegressionTuning_firstModel": {"best-case": 0.00018355000000000002, "worst-case": 0.00010765, "default": 0.00015055}, "RegressionTuning_secondModel": {"best-case": 0.00017530000000000003, "worst-case": 0.00010435000000000002, "default": 0.00014395000000000003}, "RegressionTuning_merged": {"best-case": 1.3250000000000002e-06, "worst-case": 1.0937500000000003e-06, "default": 1.5562500000000001e-06}, "RegressionTuning_JoinRuns": {"best-case": 4.3299999999999995e-05, "worst-case": 2.185e-05, "default": 4.99e-05}}