{"A": 252.8468891826562, "B": 252.8468891826562, "C": 252.8468891826562, "D": 252.8468891826562, "E": 252.8468891826562, "F": 252.8468891826562}