{"A": {"best-case": 4.6399999999999997e-07, "worst-case": 4.6399999999999997e-07, "default": 4.6399999999999997e-07}, "B": {"best-case": 4.6399999999999997e-07, "worst-case": 4.6399999999999997e-07, "default": 4.6399999999999997e-07}, "C": {"best-case": 4.6399999999999997e-07, "worst-case": 4.6399999999999997e-07, "default": 9e-06}, "D": {"best-case": 4.6399999999999997e-07, "worst-case": 4.6399999999999997e-07, "default": 4.6399999999999997e-07}}