{"Text2SpeechCensoringWorkflow_GetInput": {"best-case": 9.000000000000001e-07, "worst-case": 9.000000000000001e-07, "default": 9.000000000000001e-07}, "Text2SpeechCensoringWorkflow_Profanity": {"best-case": 4.6399999999999997e-07, "worst-case": 4.6399999999999997e-07, "default": 4.6399999999999997e-07}, "Text2SpeechCensoringWorkflow_Text2Speech": {"best-case": 1.7440000000000004e-06, "worst-case": 1.3600000000000001e-06, "default": 1.424e-06}, "Text2SpeechCensoringWorkflow_Conversion": {"best-case": 2.3840000000000004e-06, "worst-case": 2.064e-06, "default": 2.128e-06}, "Text2SpeechCensoringWorkflow_Compression": {"best-case": 2.9e-06, "worst-case": 2.4000000000000003e-06, "default": 2.9e-06}, "Text2SpeechCensoringWorkflow_MergedFunction": {"best-case": 5.28e-07, "worst-case": 4.6399999999999997e-07, "default": 4.6399999999999997e-07}, "Text2SpeechCensoringWorkflow_Censor": {"best-case": 1.7440000000000004e-06, "worst-case": 1.68e-06, "default": 1.68e-06}}