{"Text2SpeechCensoringWorkflow_GetInput": {"best-case": 8.625000000000001e-07, "worst-case": 8.625000000000001e-07, "default": 8.625000000000001e-07}, "Text2SpeechCensoringWorkflow_Profanity": {"best-case": 8.625000000000001e-07, "worst-case": 8.625000000000001e-07, "default": 8.625000000000001e-07}, "Text2SpeechCensoringWorkflow_Text2Speech": {"best-case": 2.7125000000000003e-06, "worst-case": 2.7125000000000003e-06, "default": 2.7125000000000003e-06}, "Text2SpeechCensoringWorkflow_Conversion": {"best-case": 1.0112500000000002e-05, "worst-case": 9.65e-06, "default": 9.65e-06}, "Text2SpeechCensoringWorkflow_Compression": {"best-case": 1.2000000000000002e-05, "worst-case": 1.2000000000000002e-05, "default": 1.2000000000000002e-05}, "Text2SpeechCensoringWorkflow_MergedFunction": {"best-case": 1.3250000000000002e-06, "worst-case": 1.3250000000000002e-06, "default": 1.3250000000000002e-06}, "Text2SpeechCensoringWorkflow_Censor": {"best-case": 1.6125000000000006e-05, "worst-case": 1.5662500000000005e-05, "default": 1.5662500000000005e-05}}