{"Text2SpeechCensoringWorkflow_GetInput": {"best-case": 3.3000000000000006e-06, "worst-case": 3.3000000000000006e-06, "default": 3.3000000000000006e-06}, "Text2SpeechCensoringWorkflow_Profanity": {"best-case": 8.625000000000001e-07, "worst-case": 8.625000000000001e-07, "default": 8.625000000000001e-07}, "Text2SpeechCensoringWorkflow_Text2Speech": {"best-case": 9.65e-06, "worst-case": 6.875000000000001e-06, "default": 7.337500000000001e-06}, "Text2SpeechCensoringWorkflow_Conversion": {"best-case": 1.5200000000000004e-05, "worst-case": 1.2425e-05, "default": 1.3350000000000003e-05}, "Text2SpeechCensoringWorkflow_Compression": {"best-case": 1.49e-05, "worst-case": 1.2000000000000002e-05, "default": 1.49e-05}, "Text2SpeechCensoringWorkflow_MergedFunction": {"best-case": 8.625000000000001e-07, "worst-case": 8.625000000000001e-07, "default": 8.625000000000001e-07}, "Text2SpeechCensoringWorkflow_Censor": {"best-case": 1.0112500000000002e-05, "worst-case": 9.65e-06, "default": 9.65e-06}}