{"Text2SpeechCensoringWorkflow_GetInput": {"best-case": 3.3000000000000006e-06, "worst-case": 3.3000000000000006e-06, "default": 3.3000000000000006e-06}, "Text2SpeechCensoringWorkflow_Profanity": {"best-case": 8.640000000000001e-07, "worst-case": 8.640000000000001e-07, "default": 8.640000000000001e-07}, "Text2SpeechCensoringWorkflow_Text2Speech": {"best-case": 1.0144000000000001e-05, "worst-case": 6.8960000000000006e-06, "default": 8.752000000000002e-06}, "Text2SpeechCensoringWorkflow_Conversion": {"best-case": 1.5248000000000004e-05, "worst-case": 1.2464000000000001e-05, "default": 1.2928000000000002e-05}, "Text2SpeechCensoringWorkflow_Compression": {"best-case": 1.49e-05, "worst-case": 1.49e-05, "default": 1.49e-05}, "Text2SpeechCensoringWorkflow_MergedFunction": {"best-case": 1.3280000000000002e-06, "worst-case": 8.640000000000001e-07, "default": 8.640000000000001e-07}, "Text2SpeechCensoringWorkflow_Censor": {"best-case": 1.1072000000000002e-05, "worst-case": 1.0144000000000001e-05, "default": 1.0608000000000002e-05}}