{"Text2SpeechCensoringWorkflow_Profanity": 259.7887481652001, "Text2SpeechCensoringWorkflow_Text2Speech": 251.06179421148326, "Text2SpeechCensoringWorkflow_Conversion": 265.2013675419389, "Text2SpeechCensoringWorkflow_Compression": 250.0, "Text2SpeechCensoringWorkflow_MergedFunction": 359.73339236350125, "Text2SpeechCensoringWorkflow_Censor": 298.2395148841136}