{"Text2SpeechCensoringWorkflow_Profanity": 262.6750098711058, "Text2SpeechCensoringWorkflow_Text2Speech": 249.3058458948846, "Text2SpeechCensoringWorkflow_Conversion": 265.16172826202967, "Text2SpeechCensoringWorkflow_Compression": 250.0, "Text2SpeechCensoringWorkflow_MergedFunction": 360.58635081649743, "Text2SpeechCensoringWorkflow_Censor": 297.77720474728005}