{"Text2SpeechCensoringWorkflow_Profanity": 262.6750098711058, "Text2SpeechCensoringWorkflow_Text2Speech": 247.34926085707258, "Text2SpeechCensoringWorkflow_Conversion": 265.1521443650205, "Text2SpeechCensoringWorkflow_Compression": 250.0, "Text2SpeechCensoringWorkflow_MergedFunction": 358.496032005728, "Text2SpeechCensoringWorkflow_Censor": 296.76225850214}