{"Text2SpeechCensoringWorkflow_Profanity": 252.8468891826562, "Text2SpeechCensoringWorkflow_Text2Speech": 244.3320696404483, "Text2SpeechCensoringWorkflow_Conversion": 262.9011836308603, "Text2SpeechCensoringWorkflow_Compression": 249.39655172413794, "Text2SpeechCensoringWorkflow_MergedFunction": 355.48271712290716, "Text2SpeechCensoringWorkflow_Censor": 296.4416060475394}