{"Text2SpeechCensoringWorkflow_Profanity": 265.02476744016707, "Text2SpeechCensoringWorkflow_Text2Speech": 250.1155188274393, "Text2SpeechCensoringWorkflow_Conversion": 263.01131977410125, "Text2SpeechCensoringWorkflow_Compression": 249.41666666666666, "Text2SpeechCensoringWorkflow_MergedFunction": 356.17082158178937, "Text2SpeechCensoringWorkflow_Censor": 296.89687388675543}